Customer_ID,Name,Email,Phone Number,Address,State,Password
1,Doralynn Bramah,dbramah0@smugmug.com,+1 (312) 396-7888,,Illinois,0mWaFCDDKid
2,Gena Bellelli,gbellelli1@sina.com.cn,+1 (240) 629-9949,3387 Tennessee Center,Maryland,4GxSyhQB
3,Kinny Sirkett,ksirkett2@1688.com,+1 (334) 245-0220,5 Kenwood Lane,Alabama,5gbDefl
4,Ichabod Bounds,ibounds3@elpais.com,,,Texas,WmNcqu
5,Alexandre Georgeson,ageorgeson4@lycos.com,+1 (251) 828-1550,0392 Golden Leaf Alley,Alabama,ejlu40U9zK
6,Gideon Claye,gclaye5@icio.us,,3109 Fieldstone Circle,Ohio,11OZSx3bSoPi
7,Kylie Hugh,khugh6@google.co.uk,+1 (815) 303-7914,,Illinois,mXGYbkxZS
8,Irvine Scoines,iscoines7@archive.org,+1 (214) 892-3883,5936 Packers Park,Texas,FsBoGv0GBnWv
9,Rebbecca Fishbourn,rfishbourn8@oaic.gov.au,+1 (702) 808-0394,60234 Vera Point,Nevada,2iV7BKdkP
10,Milka Bushill,mbushill9@51.la,+1 (610) 213-0691,86958 Clyde Gallagher Center,Pennsylvania,UvcZgmWVEfmm
11,Diahann Weitzel,dweitzela@ftc.gov,+1 (973) 456-9170,8316 Ronald Regan Circle,New Jersey,bDlvqi
12,Barbe O'Sculley,bosculleyb@pcworld.com,+1 (903) 986-3622,19101 Brickson Park Court,Texas,FAgPxQ5
13,Kelly Curteis,kcurteisc@mediafire.com,+1 (949) 938-4044,9 Reinke Avenue,California,9ZwfjaVnDGk
14,Jefferey MacFadyen,jmacfadyend@china.com.cn,+1 (585) 275-0791,2026 Kings Point,New York,j6mFb9QR
15,Sena Guerreau,sguerreaue@mozilla.com,+1 (203) 829-3221,83 Continental Park,Connecticut,U0ukcKDA
16,Florry Swainsbury,fswainsburyf@edublogs.org,+1 (339) 292-1712,812 Packers Hill,Massachusetts,8wBM3O3
17,Phillipp Schirak,pschirakg@cam.ac.uk,+1 (702) 427-2178,928 Columbus Street,Nevada,kqEZaCM
18,Forrester Ferro,fferroh@msn.com,+1 (989) 452-6180,8 Graedel Way,Michigan,e7NJ0V
19,Nealon Gellately,ngellatelyi@hugedomains.com,+1 (213) 579-8260,8 Anniversary Junction,California,cFpydSbS4mz
20,Nickey Jedrzejewsky,njedrzejewskyj@mozilla.org,+1 (817) 566-5569,0 Riverside Place,Texas,MiPr7rmV
21,Loria Wickmann,lwickmannk@illinois.edu,+1 (763) 493-1974,,Minnesota,2lqwu0gXo
22,Lonny Ingliss,linglissl@storify.com,+1 (936) 261-5766,91969 Larry Circle,Texas,cE5WwI
23,Dee dee Ruos,ddeem@amazon.de,,34 Summit Terrace,Texas,36leKN
24,Auberta Popescu,apopescun@infoseek.co.jp,+1 (224) 199-9957,9 Oneill Lane,Illinois,fnNs96Chu1
25,Donetta Pavlenkov,dpavlenkovo@princeton.edu,+1 (813) 971-5852,7 Killdeer Lane,Florida,x59x2SMR
26,Lilyan Knappen,lknappenp@google.co.jp,+1 (712) 334-7331,89910 Nova Center,Iowa,1JCjYCN
27,Gennifer Maharg,gmahargq@abc.net.au,+1 (561) 971-0488,20263 Pawling Point,Florida,LiFJfYXL
28,Dunstan Howsin,dhowsinr@latimes.com,+1 (202) 447-7319,640 Lakewood Gardens Junction,District of Columbia,qQsR36ds1V
29,Hieronymus Meriton,hmeritons@columbia.edu,+1 (757) 397-8160,,Virginia,PQinRZiRQJ
30,,akeought@studiopress.com,+1 (770) 584-0260,9 Sage Court,Georgia,g7H0OJG84lu
31,Joice Wiffield,jwiffieldu@sphinn.com,+1 (615) 149-3498,,Tennessee,1CPv9XmC2cj1
32,Beau D'Alwis,bdalwisv@mysql.com,+1 (303) 150-5856,48 Stuart Crossing,Colorado,Gy14EJ
33,Con Renny,crennyw@google.co.uk,+1 (302) 320-1623,613 Hagan Crossing,Delaware,K4lYSLG
34,Deb Ruffli,drufflix@yandex.ru,+1 (757) 970-5015,,Virginia,PETYeF
35,Katharine Sturman,ksturmany@surveymonkey.com,+1 (915) 980-3913,60 Gale Trail,Texas,OuGwObHqQO
36,Nita Sanson,nsansonz@google.es,,50464 Dakota Trail,New York,XZzvUp9nu
37,Coop Arblaster,carblaster10@reddit.com,+1 (419) 198-9219,98002 Melrose Circle,Ohio,nuUoHR1Xkzh
38,Briana Battyll,bbattyll11@163.com,+1 (203) 113-4128,25166 Lake View Hill,Connecticut,pUzB0isxUOd
39,Raleigh Dransfield,rdransfield12@google.nl,+1 (727) 871-4193,9611 Crescent Oaks Lane,Florida,kIr6GpbA
40,Emmi Merfin,emerfin13@purevolume.com,,18409 Susan Circle,Missouri,BVBPBEGZMede
41,,elilian14@com.com,+1 (954) 535-2757,4653 International Lane,Florida,XP1Jo2
42,Farly De Hooge,fde15@nps.gov,+1 (858) 930-0919,3 Merrick Court,California,5gyTPASu
43,Nevsa Salaman,nsalaman16@aol.com,+1 (216) 104-0653,7027 Melrose Junction,Ohio,S3wgbsUt03
44,,dbohea17@jiathis.com,+1 (612) 739-7751,14659 Arkansas Drive,Minnesota,s7t5ScDZ6mb
45,Larissa Espinoy,lespinoy18@cmu.edu,+1 (302) 140-9856,17 Valley Edge Lane,Delaware,C5C86qw7E5
46,Robinson Huffadine,rhuffadine19@gov.uk,+1 (404) 914-7338,6273 Straubel Avenue,Georgia,Mq8qohwuMy
47,,rtheyer1a@answers.com,+1 (727) 386-5355,44980 Luster Way,Florida,GFbQWyF0rW
48,Sean Draxford,sdraxford1b@360.cn,+1 (434) 390-8270,953 Manley Junction,Virginia,joZQTJ
49,Rey Wanstall,rwanstall1c@deviantart.com,+1 (404) 324-0076,9108 Aberg Avenue,Georgia,fyirFyic4t
50,Wat Merrydew,wmerrydew1d@latimes.com,+1 (702) 876-7425,17 American Alley,Nevada,f5HYCji
